-- phpMyAdmin SQL Dump
-- version 4.8.0.1
-- https://www.phpmyadmin.net/
--
-- Host: 127.0.0.1
-- Generation Time: Jul 12, 2018 at 11:10 PM
-- Server version: 10.1.32-MariaDB
-- PHP Version: 7.0.30

SET SQL_MODE = "NO_AUTO_VALUE_ON_ZERO";
SET AUTOCOMMIT = 0;
START TRANSACTION;
SET time_zone = "+00:00";


/*!40101 SET @OLD_CHARACTER_SET_CLIENT=@@CHARACTER_SET_CLIENT */;
/*!40101 SET @OLD_CHARACTER_SET_RESULTS=@@CHARACTER_SET_RESULTS */;
/*!40101 SET @OLD_COLLATION_CONNECTION=@@COLLATION_CONNECTION */;
/*!40101 SET NAMES utf8mb4 */;

--
-- Database: `ecommerce`
--

-- --------------------------------------------------------

--
-- Table structure for table `order_status`
--

CREATE TABLE `order_status` (
  `id` bigint(20) NOT NULL,
  `name` varchar(250) NOT NULL
) ENGINE=InnoDB DEFAULT CHARSET=utf8;

-- --------------------------------------------------------

--
-- Table structure for table `product`
--

CREATE TABLE `product` (
  `id` bigint(20) NOT NULL,
  `name` varchar(250) NOT NULL,
  `quantity` int(11) DEFAULT NULL,
  `price` decimal(12,3) NOT NULL,
  `product_type_id` bigint(11) NOT NULL,
  `active` tinyint(1) NOT NULL DEFAULT '1'
) ENGINE=InnoDB DEFAULT CHARSET=utf8;

--
-- Dumping data for table `product`
--

INSERT INTO `product` (`id`, `name`, `quantity`, `price`, `product_type_id`, `active`) VALUES
(5, 'iphone6', 30, '30000.000', 1, 1),
(6, 'iphonex', 30, '40000.000', 1, 1),
(7, 'pixel', 20, '40000.000', 1, 1),
(10, 'lg k10', 100, '8000.000', 1, 1),
(11, 'lg k6', 30, '4000.000', 1, 1),
(12, 'samsung galaxy 6', 30, '9000.000', 1, 1),
(14, 'amd a6', 30, '30000.000', 2, 1),
(17, 'core i3', 30, '8000.000', 2, 1),
(19, 'iphone5', 10, '50000.000', 1, 1),
(20, 'blu studio', 30, '6000.000', 1, 1),
(21, 'core i9', 30, '30000.000', 2, 1);

-- --------------------------------------------------------

--
-- Table structure for table `product_post`
--

CREATE TABLE `product_post` (
  `id` bigint(20) NOT NULL,
  `title` varchar(250) NOT NULL,
  `detail` text,
  `short_description` varchar(250) DEFAULT NULL,
  `product_id` bigint(20) NOT NULL,
  `user_id` bigint(20) NOT NULL,
  `active` tinyint(1) NOT NULL DEFAULT '0',
  `created_at` datetime NOT NULL,
  `updated_at` datetime NOT NULL
) ENGINE=InnoDB DEFAULT CHARSET=utf8;

-- --------------------------------------------------------

--
-- Table structure for table `product_type`
--

CREATE TABLE `product_type` (
  `id` bigint(20) NOT NULL,
  `name` varchar(250) NOT NULL
) ENGINE=InnoDB DEFAULT CHARSET=utf8;

--
-- Dumping data for table `product_type`
--

INSERT INTO `product_type` (`id`, `name`) VALUES
(1, 'celulares'),
(2, 'procesadores'),
(3, 'ropa'),
(4, 'electro');

-- --------------------------------------------------------

--
-- Table structure for table `user`
--

CREATE TABLE `user` (
  `id` bigint(20) NOT NULL,
  `user_type_id` bigint(20) NOT NULL,
  `username` varchar(250) NOT NULL,
  `password` varchar(160) NOT NULL,
  `active` tinyint(1) NOT NULL DEFAULT '1'
) ENGINE=InnoDB DEFAULT CHARSET=utf8;

-- --------------------------------------------------------

--
-- Table structure for table `user_likes`
--

CREATE TABLE `user_likes` (
  `id` bigint(20) NOT NULL,
  `post_id` bigint(20) NOT NULL,
  `user_id` bigint(20) NOT NULL
) ENGINE=InnoDB DEFAULT CHARSET=utf8;

-- --------------------------------------------------------

--
-- Table structure for table `user_order`
--

CREATE TABLE `user_order` (
  `id` bigint(20) NOT NULL,
  `user_id` bigint(20) NOT NULL,
  `product_id` bigint(20) NOT NULL,
  `quantity` int(11) NOT NULL,
  `total_amount` decimal(12,3) NOT NULL,
  `order_status_id` bigint(20) NOT NULL,
  `created_at` datetime NOT NULL,
  `updated_at` datetime NOT NULL
) ENGINE=InnoDB DEFAULT CHARSET=utf8;

-- --------------------------------------------------------

--
-- Table structure for table `user_profile`
--

CREATE TABLE `user_profile` (
  `id` bigint(20) NOT NULL,
  `user_id` bigint(20) NOT NULL,
  `first_name` varchar(125) NOT NULL,
  `last_name` varchar(125) NOT NULL,
  `full_name` varchar(250) NOT NULL,
  `phone` varchar(200) NOT NULL,
  `country` varchar(200) DEFAULT NULL,
  `city` varchar(200) DEFAULT NULL,
  `address` varchar(200) DEFAULT NULL,
  `zipcode` varchar(200) DEFAULT NULL
) ENGINE=InnoDB DEFAULT CHARSET=utf8;

-- --------------------------------------------------------

--
-- Table structure for table `user_type`
--

CREATE TABLE `user_type` (
  `id` bigint(20) NOT NULL,
  `name` varchar(150) NOT NULL
) ENGINE=InnoDB DEFAULT CHARSET=utf8;

--
-- Dumping data for table `user_type`
--

INSERT INTO `user_type` (`id`, `name`) VALUES
(1, 'admin'),
(2, 'user');

--
-- Indexes for dumped tables
--

--
-- Indexes for table `order_status`
--
ALTER TABLE `order_status`
  ADD PRIMARY KEY (`id`);

--
-- Indexes for table `product`
--
ALTER TABLE `product`
  ADD PRIMARY KEY (`id`),
  ADD KEY `product_fk0` (`product_type_id`);

--
-- Indexes for table `product_post`
--
ALTER TABLE `product_post`
  ADD PRIMARY KEY (`id`),
  ADD KEY `product_post_fk0` (`product_id`),
  ADD KEY `product_post_fk1` (`user_id`);

--
-- Indexes for table `product_type`
--
ALTER TABLE `product_type`
  ADD PRIMARY KEY (`id`);

--
-- Indexes for table `user`
--
ALTER TABLE `user`
  ADD PRIMARY KEY (`id`),
  ADD UNIQUE KEY `username` (`username`),
  ADD KEY `user_fk0` (`user_type_id`);

--
-- Indexes for table `user_likes`
--
ALTER TABLE `user_likes`
  ADD PRIMARY KEY (`id`),
  ADD KEY `user_likes_fk0` (`post_id`),
  ADD KEY `user_likes_fk1` (`user_id`);

--
-- Indexes for table `user_order`
--
ALTER TABLE `user_order`
  ADD PRIMARY KEY (`id`),
  ADD KEY `user_order_fk0` (`user_id`),
  ADD KEY `user_order_fk1` (`product_id`),
  ADD KEY `user_order_fk2` (`order_status_id`);

--
-- Indexes for table `user_profile`
--
ALTER TABLE `user_profile`
  ADD PRIMARY KEY (`id`),
  ADD KEY `user_profile_fk0` (`user_id`);

--
-- Indexes for table `user_type`
--
ALTER TABLE `user_type`
  ADD PRIMARY KEY (`id`);

--
-- AUTO_INCREMENT for dumped tables
--

--
-- AUTO_INCREMENT for table `order_status`
--
ALTER TABLE `order_status`
  MODIFY `id` bigint(20) NOT NULL AUTO_INCREMENT;

--
-- AUTO_INCREMENT for table `product`
--
ALTER TABLE `product`
  MODIFY `id` bigint(20) NOT NULL AUTO_INCREMENT, AUTO_INCREMENT=22;

--
-- AUTO_INCREMENT for table `product_post`
--
ALTER TABLE `product_post`
  MODIFY `id` bigint(20) NOT NULL AUTO_INCREMENT;

--
-- AUTO_INCREMENT for table `product_type`
--
ALTER TABLE `product_type`
  MODIFY `id` bigint(20) NOT NULL AUTO_INCREMENT, AUTO_INCREMENT=5;

--
-- AUTO_INCREMENT for table `user`
--
ALTER TABLE `user`
  MODIFY `id` bigint(20) NOT NULL AUTO_INCREMENT;

--
-- AUTO_INCREMENT for table `user_likes`
--
ALTER TABLE `user_likes`
  MODIFY `id` bigint(20) NOT NULL AUTO_INCREMENT;

--
-- AUTO_INCREMENT for table `user_order`
--
ALTER TABLE `user_order`
  MODIFY `id` bigint(20) NOT NULL AUTO_INCREMENT;

--
-- AUTO_INCREMENT for table `user_profile`
--
ALTER TABLE `user_profile`
  MODIFY `id` bigint(20) NOT NULL AUTO_INCREMENT;

--
-- AUTO_INCREMENT for table `user_type`
--
ALTER TABLE `user_type`
  MODIFY `id` bigint(20) NOT NULL AUTO_INCREMENT, AUTO_INCREMENT=3;

--
-- Constraints for dumped tables
--

--
-- Constraints for table `product`
--
ALTER TABLE `product`
  ADD CONSTRAINT `product_fk0` FOREIGN KEY (`product_type_id`) REFERENCES `product_type` (`id`);

--
-- Constraints for table `product_post`
--
ALTER TABLE `product_post`
  ADD CONSTRAINT `product_post_fk0` FOREIGN KEY (`product_id`) REFERENCES `product` (`id`),
  ADD CONSTRAINT `product_post_fk1` FOREIGN KEY (`user_id`) REFERENCES `user` (`id`);

--
-- Constraints for table `user`
--
ALTER TABLE `user`
  ADD CONSTRAINT `user_fk0` FOREIGN KEY (`user_type_id`) REFERENCES `user_type` (`id`);

--
-- Constraints for table `user_likes`
--
ALTER TABLE `user_likes`
  ADD CONSTRAINT `user_likes_fk0` FOREIGN KEY (`post_id`) REFERENCES `product_post` (`id`),
  ADD CONSTRAINT `user_likes_fk1` FOREIGN KEY (`user_id`) REFERENCES `user` (`id`);

--
-- Constraints for table `user_order`
--
ALTER TABLE `user_order`
  ADD CONSTRAINT `user_order_fk0` FOREIGN KEY (`user_id`) REFERENCES `user` (`id`),
  ADD CONSTRAINT `user_order_fk1` FOREIGN KEY (`product_id`) REFERENCES `product` (`id`),
  ADD CONSTRAINT `user_order_fk2` FOREIGN KEY (`order_status_id`) REFERENCES `order_status` (`id`);

--
-- Constraints for table `user_profile`
--
ALTER TABLE `user_profile`
  ADD CONSTRAINT `user_profile_fk0` FOREIGN KEY (`user_id`) REFERENCES `user` (`id`);
COMMIT;

/*!40101 SET CHARACTER_SET_CLIENT=@OLD_CHARACTER_SET_CLIENT */;
/*!40101 SET CHARACTER_SET_RESULTS=@OLD_CHARACTER_SET_RESULTS */;
/*!40101 SET COLLATION_CONNECTION=@OLD_COLLATION_CONNECTION */;
